Deployment date,,,,,Sensor,,,Deployment date,Deployment time,Recovery date,Recovery time,,,inclination,Comments,lat,lon,inclination,,Comments,,,,,,
4/2/1995,,,C,,Unknown,,,4/2/1995,0:30:00,11/30/1995,0:00:00,,,4.73,-,28.80915,94.7521,4.73,,-,,,,,,57
4/3/1995,,,B,,Unknown,,,4/3/1995,0:00:00,8/23/1995,15:00:00,,,4.82,-,28.98283,94.9162,4.82,,-,,,,,,9
6/1/1995,,,E,,Unknown,,,6/1/1995,0:00:00,1/16/1996,14:00:00,,,6,-,27.3383,97.1,6,,-,,,,,,103
6/12/1995,,,D,,Unknown,,,6/12/1995,18:30:00,9/10/1995,0:00:00,,,5.85,-,27.93295,96.8076,5.85,,-,,,,,,62
6/21/1995,,,A,,Unknown,,,6/21/1995,17:00:00,7/9/1995,23:30:00,,,4.17,Faulty_compass,29.5325,93.81222,4.17,,Faulty_compass,,,,,,1
8/12/1995,,,A,,B-1223,,,8/12/1995,0:00:00,10/8/1995,23:30:00,,,4.17,-,29.5325,93.81222,4.17,,-,,,,,,2
8/31/1995,,,B,,Unknown,,,8/31/1995,18:30:00,1/10/1996,0:00:00,,,4.82,-,28.98283,94.9162,4.82,,-,,,,,,10
9/1/1995,40014-1995-09-01,167,A,40014,B-1223,Zcom,R/V Gyre,9/1/1995,,9/19/1995,,R/V Gyre,18,,,,,,,,,,,,,
9/10/1995,,,D,,B-1293,,,9/10/1995,6:00:00,1/9/1996,23:30:00,,,5.85,-,27.93295,96.8076,5.85,,-,,,,,,63
11/30/1995,,,C,,Unknown,,,11/30/1995,0:00:00,2/6/1996,0:00:00,,,4.73,-,28.80915,94.7521,4.73,,-,,,,,,58
12/4/1995,40015-1995-12-04,212,D,40015,B-1293,Microcom,M/V Spree,12/4/1995,,1/10/1996,,M/V Spree,37,,,,,,,,,,,,,
1/10/1996,,,B,,Unknown,,,1/10/1996,0:00:00,3/21/1996,0:00:00,,,4.73,-,28.98283,94.9162,4.73,,-,,,,,,11
1/10/1996,,,D,,Unknown,,,1/10/1996,0:00:00,3/21/1996,0:00:00,,,5.77,-,27.93295,96.8076,5.77,,-,,,,,,64
2/2/1996,40018-1996-02-02,230,E,40018,B-1311,Microcom,Lone Star Responder,2/2/1996,,6/5/1996,,Lone Star Responder,124,,,,,,,,,,,,,
2/6/1996,,,C,,B-1286,,,2/6/1996,0:00:00,4/2/1996,20:00:00,,,4.63,-,28.80915,94.7521,4.63,,-,,,,,,59
2/22/1996,40017-1996-02-22,245,F,40017,,Microcom,M/V Spree,2/22/1996,,8/7/1996,,M/V Spree,167,,,,,,,,,,,,,
2/23/1996,,,F,,Unknown,,,2/23/1996,0:00:00,8/7/1996,13:00:00,,,4.35,-,28.836,94.2355,4.35,,-,,,,,,104
3/21/1996,,,B,,B-1293,,,3/21/1996,0:00:00,5/22/1996,0:00:00,,,4.73,-,28.98283,94.9162,4.73,,-,,,,,,12
3/21/1996,,,D,,B-1393,,,3/21/1996,0:00:00,7/25/1996,6:00:00,,,5.77,-,27.93295,96.8076,5.77,,-,,,,,,65
4/2/1996,,,C,,Unknown,,,4/2/1996,20:00:00,6/20/1996,12:30:00,,,4.63,Bad_temperature_record,28.80915,94.7521,4.63,,Bad_temperature_record,,,,,,60
4/17/1996,,,A,,B-1293,,,4/17/1996,16:00:00,6/14/1996,12:30:00,,,4.07,-,29.5325,93.81222,4.07,,-,,,,,,3
5/22/1996,,,B,,B-1396,,,5/22/1996,0:00:00,7/17/1996,0:00:00,,,4.73,-,28.98283,94.9162,4.73,,-,,,,,,13
6/14/1996,,,A,,B-1223,,,6/14/1996,12:30:00,8/14/1996,0:00:00,,,4.07,-,29.5325,93.81222,4.07,,-,,,,,,4
6/20/1996,,,C,,B-1311,,,6/20/1996,16:30:00,3/20/1997,0:00:00,,,4.63,Data_stops_on_11/29/1996,28.80915,94.7521,4.63,,Data_stops_on_11/29/1996,,,,,,61
7/17/1996,,,B,,B-1286,,,7/17/1996,0:00:00,8/7/1996,0:00:00,,,4.73,-,28.98283,94.9162,4.73,,-,,,,,,14
7/25/1996,,,D,,B-1396,,,7/25/1996,6:00:00,8/27/1996,15:30:00,,,5.77,No_data_in_the_record,27.93295,96.8076,5.77,,No_data_in_the_record,,,,,,66
8/7/1996,,,B,,Unknown,,,8/7/1996,0:00:00,11/12/1996,0:00:00,,,4.73,-,28.98283,94.9162,4.73,,-,,,,,,15
8/7/1996,,,F,,B-1393,,,8/7/1996,13:00:00,11/12/1996,0:00:00,,,4.35,-,28.836,94.2355,4.35,,-,,,,,,105
8/14/1996,,,A,,B-1293,,,8/14/1996,0:00:00,9/11/1996,18:00:00,,,4.07,-,29.5325,93.81222,4.07,,-,,,,,,5
8/27/1996,,,D,,B-1223,,,8/27/1996,15:30:00,1/21/1997,0:00:00,,,5.77,-,27.93295,96.8076,5.77,,-,,,,,,67
9/11/1996,,,A,,B-1396,,,9/11/1996,18:00:00,10/2/1996,14:00:00,,,4.07,-,29.5325,93.81222,4.07,,-,,,,,,6
10/2/1996,,,A,,Unknown,,,10/2/1996,14:00:00,3/31/1997,0:00:00,,,4.07,-,29.5325,93.81222,4.07,,-,,,,,,7
11/12/1996,,,B,,B-1293,,,11/12/1996,0:00:00,5/21/1997,0:00:00,,,4.63,-,28.98283,94.9162,4.63,,-,,,,,,16
11/12/1996,,,F,,B-1396,,,11/12/1996,0:00:00,3/25/1997,13:00:00,,,4.35,-,28.836,94.2355,4.35,,-,,,,,,106
1/21/1997,,,D,,B-1393,,,1/21/1997,0:00:00,6/24/1997,0:00:00,,,5.68,-,27.93295,96.8076,5.68,,-,,,,,,68
3/11/1997,,,G,,B-1223,,,3/11/1997,17:30:00,5/21/1997,0:00:00,,,3.75,-,29.56642,93.46827,3.75,,-,,,,,,134
3/26/1997,,,F,,Unknown,,,3/26/1997,1:00:00,12/10/1997,11:00:00,,,4.25,Flooded_SeaPac,28.836,94.2355,4.25,,Flooded_SeaPac,,,,,,107
5/21/1997,,,B,,B-1393,,,5/21/1997,0:00:00,7/18/1997,5:30:00,,,4.63,-,28.98283,94.9162,4.63,,-,,,,,,17
5/21/1997,,,G,,B-1396,,,5/21/1997,0:00:00,10/27/1997,0:00:00,,,3.75,-,29.56642,93.46827,3.75,,-,,,,,,135
6/5/1997,,,H,,-,,,6/5/1997,0:00:00,10/29/1997,0:00:00,,,5.55,-,27.8734,96.5561,5.55,,-,,,,,,138
6/24/1997,,,D,,B-1311,,,6/24/1997,0:00:00,8/20/1997,0:00:00,,,5.68,-,27.93295,96.8076,5.68,,-,,,,,,69
7/23/1997,,,B,,B-1393,,,7/23/1997,13:30:00,2/20/1998,6:30:00,,,4.63,Serviced_and_redeployed,28.98283,94.9162,4.63,,Serviced_and_redeployed,,,,,,18
8/20/1997,,,D,,B-1223,,,8/20/1997,0:00:00,11/20/1997,17:30:00,,,5.68,Buoy_flooded_on_10/21/1997,27.93295,96.8076,5.68,,Buoy_flooded_on_10/21/1997,,,,,,70
10/27/1997,,,G,,B-1396,,,10/27/1997,0:00:00,5/23/1998,13:00:00,,,3.75,Badly_fouled_sensor.,29.56642,93.46827,3.75,,Badly_fouled_sensor.,,,,,,136
10/29/1997,,,H,,-,,,10/29/1997,0:00:00,6/22/1998,17:00:00,,,5.55,-,27.8734,96.5561,5.55,,-,,,,,,139
11/20/1997,,,D,,Unknown,,,11/20/1997,17:30:00,12/10/1997,0:00:00,,,5.68,Flooded_SeaPac,27.93295,96.8076,5.68,,Flooded_SeaPac,,,,,,71
12/10/1997,,,D,,B-1223,,,12/10/1997,0:00:00,5/14/1998,0:00:00,,,5.68,-,27.93295,96.8076,5.68,,-,,,,,,72
12/10/1997,,,F,,B-1293,,,12/10/1997,11:00:00,9/22/1998,0:00:00,,,4.15,Flooded_cell_link._Data_ceases_after_9/1/1998,28.836,94.2355,4.15,,Flooded_cell_link._Data_ceases_after_9/1/1998,,,,,,108
1/20/1998,01-1998-01-20,256,I,System 1,B-1536,Sat,Texas Responder,1/20/1998,,2/20/1998,,Texas Responder,31,,,,,,,,,,,,,
2/20/1998,,,B,,B-1286,,,2/20/1998,6:30:00,6/15/1998,0:00:00,,,4.53,Recovered_drifting,28.98283,94.9162,4.53,,Recovered_drifting,,,,,,19
2/20/1998,01-1998-02-20,255,I,System 1,B-1536,Sat,Texas Responder,2/20/1998,,5/2/1998,,R/V Gyre,71,,,,,,,,,,,,,
4/1/1998,07-1998-04-01,280,N,System 7,ADCP-016,ZyXell,R/V Gyre,4/1/1998,,4/20/1998,,R/V Gyre,19,,,,,,,,,,,,,
4/20/1998,,,L,,B-1509,,,4/20/1998,4:00:00,10/28/1998,18:30:00,,,4.15,-,28.04167,94.11667,4.15,,-,,,,,,182
4/20/1998,04-1998-04-20,275,M,System 4,B-1507,ZyXell,R/V Gyre,4/20/1998,,10/28/1998,,R/V Gyre,191,,,,,,,,,,,,,
4/20/1998,07-1998-04-20,279,N,System 7,ADCP-016,ZyXell,R/V Gyre,4/20/1998,,4/23/1998,,R/V Gyre,3,,,,,,,,,,,,,
5/13/1998,,,J,,B-1536,,,5/13/1998,16:00:00,8/11/1998,0:00:00,,,5.73,Hit_by_ship._Data_ceases_after_7/16/1998.,26.18833,97.05067,5.73,,Hit_by_ship._Data_ceases_after_7/16/1998.,,,,,,142
5/13/1998,03-1998-05-13,270,K,System 3,B-1492,Sat,Lone Star Responder,5/13/1998,,8/11/1998,,R/V Longhorn,90,,,,,,,,,,,,,
5/14/1998,,,D,,B-1223,,,5/14/1998,0:00:00,8/12/1998,11:30:00,,,5.58,Data_suspect_after_7/1/1996?,27.93295,96.8076,5.58,,Data_suspect_after_7/1/1996?,,,,,,73
5/15/1998,,,K,,B-1492,,,5/15/1998,2:00:00,8/11/1998,0:00:00,,,5.47,Damaged_by_collision._Data_ceases_on_7/1/1998,26.21667,96.49917,5.47,,Damaged_by_collision._Data_ceases_on_7/1/1998,,,,,,167
5/23/1998,,,G,,B-1293,,,5/23/1998,13:00:00,6/15/1998,13:00:00,,,3.65,Flooded_sensor.,29.56642,93.46827,3.65,,Flooded_sensor.,,,,,,137
5/24/1998,07-1998-05-24,278,N,System 7,ADCP-003,ZyXell,R/V Gyre,5/24/1998,,10/28/1998,,R/V Gyre,157,,,,,,,,,,,,,
6/15/1998,,,B,,B-1393,,,6/15/1998,0:00:00,7/2/1998,0:30:00,,,4.53,-,28.98283,94.9162,4.53,,-,,,,,,20
7/7/1998,,,B,,B-1396,,,7/7/1998,12:30:00,9/22/1998,18:00:00,,,4.53,Flooded_cell_link,28.98283,94.9162,4.53,,Flooded_cell_link,,,,,,21
7/9/1998,50040-1998-07-09,179,B,50040,B-1396,Microcom,Texas Responder,7/9/1998,,9/22/1998,,Texas Responder,75,,,,,,,,,,,,,
7/21/1998,05-1998-07-21,287,P,System 5,B-1508,Sat,R/V Gyre,7/21/1998,,11/24/1998,,R/V Gyre,126,,,,,,,,,,,,,
7/21/1998,,,R,,B-1286,,,7/21/1998,11:00:00,9/25/1998,0:00:00,,,3.75,Recovered_on_Matagorda_Island,29.64728,93.63947,3.75,,Recovered_on_Matagorda_Island,,,,,,205
7/22/1998,,,P,,B-1508,,,7/22/1998,0:00:00,11/25/1998,15:00:00,,,3.22,#NAME?,29.1662,92.73652,3.22,,#NAME?,,,,,,202
8/12/1998,,,D,,B-1523,,,8/12/1998,19:30:00,10/13/1998,12:30:00,,,5.58,All_data_bad._Faulty_connector_to_MMI,27.93295,96.8076,5.58,,All_data_bad._Faulty_connector_to_MMI,,,,,,74
9/22/1998,80086-1998-09-22,187,B,80086,B-1529,Microcom,Texas Responder,9/22/1998,,10/29/1998,,R/V Gyre,37,,,,,,,,,,,,,
9/23/1998,,,B,,B-1529,,,9/23/1998,11:30:00,10/29/1998,13:30:00,,,4.53,-,28.98283,94.9162,4.53,,-,,,,,,22
10/14/1998,,,D,,B-1223,,,10/14/1998,17:00:00,2/18/1999,1:00:00,,,5.58,Bad_data_after_12/9/1998,27.93295,96.8076,5.58,,Bad_data_after_12/9/1998,,,,,,75
10/14/1998,02-1998-10-14,259,J,System 2,B-1533,Sat,Lone Star Responder,10/14/1998,,2/18/1999,,R/V Glorita,127,,,,,,,,,,,,,
10/14/1998,03-1998-10-14,269,K,System 3,B-1492,Sat,Lone Star Responder,10/14/1998,,2/18/1999,,R/V Glorita,127,,,,,,,,,,,,,
10/15/1998,,,J,,B-1533,,,10/15/1998,0:00:00,2/17/1999,23:30:00,,,5.73,-,26.18833,97.05067,5.73,,-,,,,,,143
10/15/1998,,,K,,B-1492,,,10/15/1998,2:30:00,2/18/1999,18:00:00,,,5.47,Damaged_by_collision,26.21667,96.49917,5.47,,Damaged_by_collision,,,,,,168
10/28/1998,,,F,,B-1396,,,10/28/1998,12:30:00,4/26/1999,0:00:00,,,4.15,-,28.836,94.2355,4.15,,-,,,,,,109
10/29/1998,80086-1998-10-29,186,B,80086,B-1529,Microcom,R/V Gyre,10/29/1998,,2/17/1999,,R/V Glorita,111,,,,,,,,,,,,,
10/30/1998,,,B,,B-1529,,,10/30/1998,16:30:00,2/14/1999,6:30:00,,,4.53,Serviced_and_redeployed,28.98283,94.9162,4.53,,Serviced_and_redeployed,,,,,,23
2/15/1999,,,B,,B-1523,,,2/15/1999,1:30:00,2/17/1999,3:30:00,,,4.43,System_3_TABS_II_buoy,28.98283,94.9162,4.43,,System_3_TABS_II_buoy,,,,,,24
2/17/1999,50039-1999-02-17,185,B,50039,B-1523,Motorola,R/V Glorita,2/17/1999,,2/19/1999,,R/V Glorita,2,,,,,,,,,,,,,
2/18/1999,,,D,,B-1531,,,2/18/1999,1:00:00,6/7/1999,19:30:00,,,5.5,-,27.93295,96.8076,5.5,,-,,,,,,76
2/18/1999,,,K,,B-1509,,,2/18/1999,18:00:00,8/22/1999,6:00:00,,,5.38,Lost_during_Hurricane_Brett._Data_ceases_on_8/22/1,26.21667,96.49917,5.38,,Lost_during_Hurricane_Brett._Data_ceases_on_8/22/1,,,,,,169
2/18/1999,,,J,,B-1536,,,2/18/1999,23:00:00,2/7/2000,15:00:00,,,5.65,Failed_postcruise_calibration_test._Data_ceases_af,26.18833,97.05067,5.65,,Failed_postcruise_calibration_test._Data_ceases_af,,,,,,144
2/19/1999,03-1999-02-19,183,B,System 3,B-1492,Sat,R/V Glorita,2/19/1999,,2/28/1999,,R/V Gyre,9,,,,,,,,,,,,,
2/19/1999,40018-1999-02-19,221,D,40018,B-1531,Motorola,R/V Glorita,2/19/1999,,6/7/1999,,R/V Longhorn,108,,,,,,,,,,,,,
2/19/1999,,,S,,B-1523,,,2/19/1999,14:00:00,3/23/1999,0:00:00,,,3.22,Recovered_on_Matagorda_Island.,28.43642,92.81115,3.22,,Recovered_on_Matagorda_Island.,,,,,,234
2/22/1999,,,B,,B-1492,,,2/22/1999,5:30:00,2/28/1999,14:00:00,,,4.43,-,28.98283,94.9162,4.43,,-,,,,,,25
2/28/1999,40015-01-13-99,1,R,40015,B-1539,Motorola,R/V Gyre,2/28/1999,,8/15/1999,,R/V Gyre,168,,,,,,,,,,,,,
3/1/1999,,,R,,B-1359,,,3/1/1999,2:30:00,8/15/1999,0:00:00,,,3.65,-,29.64728,93.63947,3.65,,-,,,,,,206
3/1/1999,,,P,,B-1509,,,3/1/1999,8:30:00,8/15/1999,0:00:00,,,3.12,Failed_postcruise_calibration_test.,29.1662,92.73652,3.12,,Failed_postcruise_calibration_test.,,,,,,203
3/1/1999,,,N,,ADCP003,,,3/1/1999,19:00:00,12/1/1999,2:00:00,,,3.98,Data_ceases_after_9/12/1999,27.8892,94.03667,3.98,,Data_ceases_after_9/12/1999,,,,,,184
3/2/1999,,,M,,B-1508,,,3/2/1999,0:00:00,12/1/1999,1:30:00,,,4.05,-,28.19205,94.19138,4.05,,-,,,,,,183
3/2/1999,,,B,,Unknown,,,3/2/1999,7:30:00,4/26/1999,0:00:00,,,4.43,-,28.98283,94.9162,4.43,,-,,,,,,26
3/23/1999,,,S,,Unknown,,,3/23/1999,0:00:00,4/26/1999,0:00:00,,,3.22,-,28.43642,92.81115,3.22,,-,,,,,,235
4/25/1999,02-1999-04-25,182,B,System 2,B-1433,Sat,R/V Gyre,4/25/1999,,8/14/1999,,R/V Gyre,111,,,,,,,,,,,,,
4/26/1999,,,B,,B-1433,,,4/26/1999,0:00:00,8/15/1999,21:00:00,,,4.43,-,28.98283,94.9162,4.43,,-,,,,,,27
4/26/1999,,,F,,B-1529,,,4/26/1999,0:00:00,8/16/1999,4:00:00,,,4.05,-,28.836,94.2355,4.05,,-,,,,,,110
4/26/1999,,,S,,B-1523,,,4/26/1999,0:00:00,6/8/1999,4:00:00,,,3.22,-,28.43642,92.81115,3.22,,-,,,,,,236
6/7/1999,40018-1999-06-07,306,S,40018,B-1531,Motorola,R/V Longhorn,6/7/1999,,12/14/1999,,R/V Longhorn,190,,,,,,,,,,,,,
6/8/1999,,,S,,B-1531,,,6/8/1999,4:00:00,12/14/1999,20:00:00,,,3.22,Recovered_on_the_beach_south_of_Corpus_Christi.,28.43642,92.81115,3.22,,Recovered_on_the_beach_south_of_Corpus_Christi.,,,,,,237
8/14/1999,03-1999-08-14,189,B,System 3,B-1558,Sat,R/V Gyre,8/14/1999,,2/20/2000,,R/V Gyre,190,,,,,,,,,,,,,
8/14/1999,50040-1999-08-14,238,F,50040,B-1560,Motorola,R/V Gyre,8/14/1999,,12/1/1999,,R/V Gyre, ,,,,,,,,,,,,,
8/15/1999,,,P,,Unknown,,,8/15/1999,0:00:00,2/19/2000,16:30:00,,,3.12,-,29.1662,92.73652,3.12,,-,,,,,,204
8/15/1999,,,R,,B-1559,,,8/15/1999,0:00:00,2/19/2000,9:30:00,,,3.65,Sensor_failed_during_postcruise_calibration_test._,29.64728,93.63947,3.65,,Sensor_failed_during_postcruise_calibration_test._,,,,,,207
8/16/1999,,,F,,B-1560,,,8/16/1999,4:00:00,12/1/1999,0:00:00,,,4.05,No_data_in_the_record,28.836,94.2355,4.05,,No_data_in_the_record,,,,,,111
8/16/1999,,,B,,B-1558,,,8/16/1999,4:30:00,2/20/2000,0:00:00,,,4.43,-,28.98283,94.9162,4.43,,-,,,,,,28
9/29/1999,40016-1999-09-29,223,D,40016,B-1561,Motorola,R/V Longhorn,9/29/1999,,2/6/2000,,R/V Longhorn,130,,,,,,,,,,,,,
10/1/1999,,,D,,B-1561,,,10/1/1999,16:00:00,2/7/2000,0:00:00,,,5.5,Data_stops_on_01/01/2000,27.93295,96.8076,5.5,,Data_stops_on_01/01/2000,,,,,,77
12/1/1999,,,F,,B-1539,,,12/1/1999,8:00:00,2/18/2000,0:00:00,,,3.95,-,28.836,94.2355,3.95,,-,,,,,,112
12/14/1999,,,S,,B-1529,,,12/14/1999,20:00:00,6/4/2000,16:00:00,,,3.1,-,28.43642,92.81115,3.1,,-,,,,,,238
12/15/1999,04-1999-12-15,202,B2,System 4,DCS3500,Sat,R/V Longhorn,12/15/1999,,1/13/2000,,R/V Gyre,29,,,,,,,,,,,,,
2/6/2000,40018-2000-02-06,220,D,40018,B-1531,Motorola,R/V Longhorn,2/6/2000,,7/14/2000,,R/V Longhorn,159,,,,,,,,,,,,,
2/7/2000,,,D,,B-1531,,,2/7/2000,0:00:00,7/14/2000,1:30:00,,,5.42,-,27.93295,96.8076,5.42,,-,,,,,,78
2/7/2000,,,J,,B-1433,,,2/7/2000,15:00:00,4/17/2000,0:00:00,,,5.57,Recovered_drifting.,26.18833,97.05067,5.57,,Recovered_drifting.,,,,,,145
2/18/2000,,,F,,Unknown,,,2/18/2000,0:00:00,9/28/2000,7:00:00,,,3.95,-.,28.836,94.2355,3.95,,-.,,,,,,113
2/19/2000,,,R,,B-1560,,,2/19/2000,9:30:00,6/2/2000,11:30:00,,,3.53,Buoy_lost._Last_communicated_on_4/11/2000.,29.64728,93.63947,3.53,,Buoy_lost._Last_communicated_on_4/11/2000.,,,,,,208
2/20/2000,,,B,,B-1508,,,2/20/2000,0:00:00,6/2/2000,1:00:00,,,4.33,-,28.98283,94.9162,4.33,,-,,,,,,29
4/17/2000,,,J,,Unknown,,,4/17/2000,0:00:00,9/25/2000,6:00:00,,,5.57,Recovered_drifting.,26.18833,97.05067,5.57,,Recovered_drifting.,,,,,,146
6/1/2000,40016-2000-06-01,294,R,40016,B-1561,Motorola,R/V Longhorn,6/1/2000,,9/7/2000,,R/V Longhorn,98,,,,,,,,,,,,,
6/2/2000,,,R,,B-1561,,,6/2/2000,11:30:00,9/8/2000,13:30:00,,,3.53,Data_ceases_on_7/23/2000.,29.64728,93.63947,3.53,,Data_ceases_on_7/23/2000.,,,,,,209
6/2/2000,04-2000-06-02,201,B2,System 4,DCS3500,Sat,R/V Longhorn,6/2/2000,,11/20/2000,,R/V Gyre,171,,,,,,,,,,,,,
6/2/2000,,,B,,DCS3500,,,6/2/2000,1:00:00,11/20/2000,4:30:00,,,4.33,Data_is_from_Buoy_B2,28.98283,94.9162,4.33,,Data_is_from_Buoy_B2,,,,,,30
6/4/2000,,,S,,Unknown,,,6/4/2000,16:00:00,7/20/2000,0:00:00,,,3.1,-,28.43642,92.81115,3.1,,-,,,,,,239
7/14/2000,,,D,,B-1539,,,7/14/2000,1:30:00,11/30/2000,20:00:00,,,5.42,Lost_on_11/30/2000,27.93295,96.8076,5.42,,Lost_on_11/30/2000,,,,,,79
7/20/2000,,,S,,B-1531,,,7/20/2000,0:00:00,9/7/2000,13:00:00,,,3.1,Recovered_on_San_Jose_Island.,28.43642,92.81115,3.1,,Recovered_on_San_Jose_Island.,,,,,,240
9/7/2000,,,S,,B-1529,,,9/7/2000,13:00:00,12/19/2000,0:00:00,,,3.1,Went_adrift_on_12/17/2000.,28.43642,92.81115,3.1,,Went_adrift_on_12/17/2000.,,,,,,241
9/7/2000,80086-2000-09-07,303,S,80086,B-1529,Motorola,R/V Longhorn,9/7/2000,,12/19/2000,,Coast Guard,103,,,,,,,,,,,,,
9/7/2000,40014-2000-09-07,290,R,40014,B-1557,Motorola,R/V Longhorn,9/7/2000,,9/25/2000,,R/V Gyre,18,,,,,,,,,,,,,
9/8/2000,,,R,,B-1557,,,9/8/2000,13:30:00,9/25/2000,14:30:00,,,3.53,Lost_communications._Broken_cellular_antenna.,29.64728,93.63947,3.53,,Lost_communications._Broken_cellular_antenna.,,,,,,210
10/21/2000,,,J,,B-1433,,,10/21/2000,13:00:00,4/27/2001,13:30:00,,,5.57,Velocity_data_ceases_after_3/28/2001.,26.18833,97.05067,5.57,,Velocity_data_ceases_after_3/28/2001.,,,,,,147
11/20/2000,,,B,,B-1558,,,11/20/2000,20:00:00,5/2/2001,0:00:00,,,4.33,-,28.98283,94.9162,4.33,,-,,,,,,31
11/21/2000,,,F,,B-1557,,,11/21/2000,5:30:00,3/25/2001,13:00:00,,,3.95,-,28.836,94.2355,3.95,,-,,,,,,114
11/21/2000,,,R,,B-1561,,,11/21/2000,8:30:00,3/27/2001,5:00:00,,,3.53,Data_ceases_on_12/24/2000.,29.64728,93.63947,3.53,,Data_ceases_on_12/24/2000.,,,,,,211
11/22/2000,40016-2000-11-22,293,R,40016,B-1561,Motorola,R/V Gyre,11/22/2000,,3/26/2001,,R/V Gyre,124,,,,,,,,,,,,,
11/30/2000,,,D,,B-1528,,,11/30/2000,20:00:00,4/5/2001,3:00:00,,,5.42,Recovered_on_shore._Mooring_cut,27.93295,96.8076,5.42,,Recovered_on_shore._Mooring_cut,,,,,,80
2/19/2001,06-2001-02-19,310,T,System 6,1500,Sat,R/V Pelican,2/19/2001,,5/23/2001,,R/V Pelican,93,,,,,,,,,,,,,
2/19/2001,05-2001-02-19,313,U,System 5,ADCP-1033,Sat,R/V Pelican,2/19/2001,,3/24/2001,,R/V Gyre,33,,,,,,,,,,,,,
3/21/2001,80086-2001-03-21,240,F,80086,DCS/16,Motorola,R/V Gyre,3/21/2001,,6/19/2001,,R/V Gyre,90,,,,,,,,,,,,,
3/21/2001,,,V,,ADCP003,,,3/21/2001,0:00:00,9/23/2001,22:30:00,,,4.75,Data_from_first_bin_of_ADCP,27.8958,93.6125,4.75,,Data_from_first_bin_of_ADCP,,,,,,243
3/26/2001,50039-2001-03-26,296,R,50039,DCS/17,Motorola,R/V Gyre,3/26/2001,,9/23/2001,,R/V Gyre,181,,,,,,,,,,,,,
3/27/2001,,,R,,DCS3900,,,3/27/2001,5:00:00,9/23/2001,0:00:00,,,3.43,-,29.64728,93.63947,3.43,,-,,,,,,212
3/27/2001,,,S,,DCS3500,,,3/27/2001,12:00:00,7/26/2001,0:00:00,,,3,Recovered_with_bent_hull._Site_discontinued_in_fav,28.43642,92.81115,3,,Recovered_with_bent_hull._Site_discontinued_in_fav,,,,,,242
3/28/2001,,,F,,DCS3900,,,3/28/2001,13:00:00,6/19/2001,0:00:00,,,3.83,Stopped_communicating._Data_ceases_after_5/18/2001,28.836,94.2355,3.83,,Stopped_communicating._Data_ceases_after_5/18/2001,,,,,,115
4/17/2001,01-2001-04-17,268,J,System 1,,Sat,R/V Longhorn,4/17/2001,,9/25/2001,,R/V Longhorn,161,,,,,,,,,,,,,
4/26/2001,004-04-10-01,102,J,System 4,DCS,Sat,R/V Longhorn,4/26/2001,,5/10/2001,,R/V Longhorn,14,,,,,,,,,,,,,
4/27/2001,,,J,,DCS3900,,,4/27/2001,13:30:00,5/10/2001,13:30:00,,,5.48,Hit_by_ship._Data_ceases_on_4/30/2001.,26.18833,97.05067,5.48,,Hit_by_ship._Data_ceases_on_4/30/2001.,,,,,,148
5/10/2001,,,J,,DCS3900,,,5/10/2001,13:30:00,11/27/2001,14:00:00,,,5.48,RSM_clock_error._Since_repaired.,26.18833,97.05067,5.48,,RSM_clock_error._Since_repaired.,,,,,,149
5/11/2001,,,B,,B-1433,,,5/11/2001,13:00:00,7/9/2001,6:00:00,,,4.23,Barnacles_on_two_poles.,28.98283,94.9162,4.23,,Barnacles_on_two_poles.,,,,,,32
5/11/2001,80085-2001-05-11,218,D,80085,B-1528,Motorola,R/V Longhorn,5/11/2001,,8/16/2001,,R/V Longhorn,97,,,,,,,,,,,,,
5/12/2001,,,D,,B-1528,,,5/12/2001,1:00:00,8/16/2001,0:00:00,,,5.33,Recovered_6_nmi_off_location,27.93295,96.8076,5.33,,Recovered_6_nmi_off_location,,,,,,81
5/23/2001,06-2001-05-23,309,T,System 6,1500,Sat,R/V Pelican,5/23/2001,,7/26/2001,,Tommy Munroe,64,,,,,,,,,,,,,
5/23/2001,05-2001-05-23,312,U,System 5,ADCP-1033,Sat,R/V Pelican,5/23/2001,,7/26/2001,,Tommy Munroe,64,,,,,,,,,,,,,
7/8/2001,80086-2001-07-08,239,F,80086,DCS/16,Motorola,R/V Glorita,7/8/2001,,9/23/2001,,R/V Gyre,77,,,,,,,,,,,,,
7/9/2001,,,F,,DCS3900,,,7/9/2001,2:30:00,9/22/2001,18:00:00,,,3.83,New_top_design._Data_ceases_after_7/30/2001,28.836,94.2355,3.83,,New_top_design._Data_ceases_after_7/30/2001,,,,,,116
7/17/2001,04-2001-07-17,324,X,System 4,DCS43/ADCP,Motorola,USNS Sumner,7/17/2001,,11/26/2001,,USNS Salvor,132,,,,,,,,,,,,,
7/17/2001,40014-2001-07-17,325,Y,40014,DCS/42,Motorola,USNS Sumner,7/17/2001,,11/26/2001,,USNS Salvor,132,,,,,,,,,,,,,
7/26/2001,02-2001-07-26,198,B,System 2,DCS/44,Sat,R/V Longhorn,7/26/2001,,1/21/2002,,R/V Gyre,179,,,,,,,,,,,,,
7/27/2001,,,B,,DCS3900,,,7/27/2001,9:00:00,1/22/2002,13:00:00,,,4.23,-,28.98283,94.9162,4.23,,-,,,,,,33
8/16/2001,,,D,,DCS-72,,,8/16/2001,0:00:00,12/11/2001,21:00:00,,,5.33,-,27.93295,96.8076,5.33,,-,,,,,,82
9/22/2001,,,F,,DCS3900,,,9/22/2001,18:00:00,4/17/2002,0:00:00,,,3.83,-,28.836,94.2355,3.83,,-,,,,,,117
9/23/2001,,,R,,DCS3900,,,9/23/2001,0:00:00,1/23/2002,0:00:00,,,3.43,-,29.64728,93.63947,3.43,,-,,,,,,213
10/6/2001,06-2001-10-06,308,T,System 6,1500,Sat,R/V Pelican,10/6/2001,,1/30/2002,,Tommy Munroe,116,,,,,,,,,,,,,
10/7/2001,05-2001-10-07,311,U,System 5,ADCP-1033,Sat,R/V Pelican,10/7/2001,,1/30/2002,,Tommy Munroe,115,,,,,,,,,,,,,
11/27/2001,,,J,,DCS3900,,,11/27/2001,14:00:00,5/15/2002,0:00:00,,,5.48,-,26.18833,97.05067,5.48,,-,,,,,,150
11/27/2001,109-2001-11-27,321,W,109,DCS/31,Motorola,R/V Longhorn,11/27/2001,,5/15/2002,,R/V Longhorn,169,,,,,,,,,,,,,
11/28/2001,,,W,,DCS3900R,,,11/28/2001,1:00:00,1/8/2002,23:30:00,,,3.37,Wireless_communication_of_data,28.3539,96,3.37,,Wireless_communication_of_data,,,,,,259
12/11/2001,,,D,,DCS-17,,,12/11/2001,21:00:00,5/15/2002,0:00:00,,,5.33,-,27.93295,96.8076,5.33,,-,,,,,,83
1/22/2002,,,V,,DCS095,,,1/22/2002,0:00:00,4/17/2002,0:00:00,,,4.75,-,27.8958,93.6125,4.75,,-,,,,,,244
1/22/2002,016-2002-01-22,282,N,System 16,DCS/094,Globalstar,R/V Gyre,1/22/2002,,7/12/2002,,R/V Gyre,171,,,,,,,,,,,,,
1/23/2002,,,N,,DCS094,,,1/23/2002,0:30:00,7/12/2002,0:00:00,,,3.98,-,27.8892,94.03667,3.98,,-,,,,,,185
1/23/2002,80086-2002-01-23,295,R,80086,DCS/16,Motorola,R/V Gyre,1/23/2002,,7/13/2002,,R/V Gyre,171,,,,,,,,,,,,,
1/24/2002,,,B,,DCS3900,,,1/24/2002,6:00:00,4/15/2002,0:00:00,,,4.23,-,28.98283,94.9162,4.23,,-,,,,,,34
4/15/2002,,,B,,DCS3900,,,4/15/2002,0:00:00,7/14/2002,0:00:00,,,4.23,-,28.98283,94.9162,4.23,,-,,,,,,35
4/17/2002,,,F,,DCS3900,,,4/17/2002,0:00:00,9/11/2002,0:00:00,,,3.83,-,28.836,94.2355,3.83,,-,,,,,,118
4/17/2002,,,V,,DCS70,,,4/17/2002,0:00:00,1/29/2003,0:00:00,,,4.75,-,27.8958,93.6125,4.75,,-,,,,,,245
5/14/2002,003-04-22-02,101,K,System 3,DCS/19,Globalstar,R/V Longhorn,5/14/2002,,8/2/2002,,missing,80,,,,,,,,,,,,,
5/15/2002,0111-05-03-02,8,W,111,DCS/73,Motorola,R/V Longhorn,5/15/2002,,7/26/2002,,R/V Longhorn,72,,,,,,,,,,,,,
5/15/2002,014-05-07-02,139,J,System 14,DCS/43,Globalstar,R/V Longhorn,5/15/2002,,9/12/2002,,R/V Longhorn,120,,,,,,,,,,,,,
5/15/2002,,,D,,DCS-42,,,5/15/2002,0:00:00,11/21/2002,0:00:00,,,5.33,-,27.93295,96.8076,5.33,,-,,,,,,84
7/12/2002,,,N,,DCS109,,,7/12/2002,0:00:00,7/25/2002,0:00:00,,,3.98,-,27.8892,94.03667,3.98,,-,,,,,,186
7/13/2002,0110-07-02-02,16,R,110,DCS/19,Motorola,R/V Gyre,7/13/2002,,11/10/2002,,R/V Gyre,120,,,,,,,,,,,,,
7/14/2002,,,B,,DCS3900,,,7/14/2002,0:00:00,9/13/2002,0:00:00,,,4.23,-,28.98283,94.9162,4.23,,-,,,,,,36
7/25/2002,,,N,,DCS094,,,7/25/2002,0:00:00,11/9/2002,0:00:00,,,3.98,-,27.8892,94.03667,3.98,,-,,,,,,187
7/26/2002,80085-07-17-02,76,W,80085,DCS/173,Motorola,R/V Longhorn,7/26/2002,,10/25/2002,,R/V Longhorn,91,,,,,,,,,,,,,
9/11/2002,,,F,,DCS3900,,,9/11/2002,0:00:00,12/31/2002,0:00:00,,,3.83,-,28.836,94.2355,3.83,,-,,,,,,119
9/12/2002,001-08-14-02,88,K,System 1,DCS/96,Globalstar,R/V Longhorn,9/12/2002,,1/30/2003,,R/V Gyre,140,,,,,,,,,,,,,
9/12/2002,004-08-13-02,104,J,System 4,DCS/45,Globalstar,R/V Longhorn,9/12/2002,,1/30/2003,,R/V Gyre,140,,,,,,,,,,,,,
9/13/2002,,,B,,DCS176,,,9/13/2002,0:00:00,1/29/2003,0:00:00,,,4.23,Replaced_DCS_sensor_44_with_176,28.98283,94.9162,4.23,,Replaced_DCS_sensor_44_with_176,,,,,,37
11/7/2002,40018-09-24-02,34,W,40018,DCS/178,Motorola,R/V Gyre,11/7/2002,,11/21/2002,,R/V Gyre,14,,,,,,,,,,,,,
11/9/2002,,,N,,DCS109,,,11/9/2002,0:00:00,11/18/2002,14:00:00,,,3.98,Data_ceases_after_11/18/2002,27.8892,94.03667,3.98,,Data_ceases_after_11/18/2002,,,,,,188
11/9/2002,50039-09-27-02,57,F,50039,DCS/17,Motorola,R/V Gyre,11/9/2002,,7/20/2003,,R/V Longhorn,253,,,,,,,,,,,,,
11/10/2002,,,R,,DCS3900,,,11/10/2002,0:00:00,7/21/2003,21:00:00,,,3.43,-,29.64728,93.63947,3.43,,-,,,,,,214
11/21/2002,0109-11-01-02,2,W,109,DCS/31,Motorola,R/V Longhorn,11/21/2002,,1/31/2003,,R/V Gyre,71,,,,,,,,,,,,,
11/21/2002,,,D,,DCS-173,,,11/21/2002,0:00:00,1/31/2003,0:00:00,,,5.33,-,27.93295,96.8076,5.33,,-,,,,,,85
1/29/2003,,,V,,DCS70,,,1/29/2003,0:00:00,7/14/2003,0:00:00,,,4.75,-,27.8958,93.6125,4.75,,-,,,,,,246
1/29/2003,016-12-12-02,142,N,System 16,DCS/094,Globalstar,R/V Gyre,1/29/2003,,10/27/2003,,R/V Gyre,271,,,,,,,,,,,,,
1/30/2003,,,N,,DCS094,,,1/30/2003,4:00:00,8/3/2003,20:30:00,,,3.98,Lost_during_Hurricane_Claudette._Data_ends_07/14/2,27.8892,94.03667,3.98,,Lost_during_Hurricane_Claudette._Data_ends_07/14/2,,,,,,189
1/30/2003,017-01-03-03,144,K,System 17,DCS/44,Globalstar,R/V Gyre,1/30/2003,,9/9/2003,,R/V Gyre,222,,,,,,,,,,,,,
1/30/2003,04-2003-01-30,266,J,System 4,DCS/45,Globalstar,R/V Gyre,1/30/2003,,9/9/2003,,R/V Gyre,222,,,,,,,,,,,,,
1/31/2003,40018-12-17-02,35,W,40018,DCS/178,Motorola,R/V Gyre,1/31/2003,,9/8/2003,,R/V Gyre,220,,,,,,,,,,,,,
1/31/2003,,,D,,DCS-42,,,1/31/2003,0:00:00,7/18/2003,0:00:00,,,5.33,-,27.93295,96.8076,5.33,,-,,,,,,86
2/1/2003,,,B,,DCS223,,,2/1/2003,0:00:00,7/19/2003,0:00:00,,,4.23,-,28.98283,94.9162,4.23,,-,,,,,,38
7/20/2003,0109-02-13-03,3,F,109,DCS/31,Motorola,R/V Longhorn,7/20/2003,,2/24/2004,,R/V Gyre,219,,,,,,,,,,,,,
7/21/2003,,,B,,DCS96,,,7/21/2003,0:00:00,2/22/2004,10:30:00,,,4.23,-,28.98283,94.9162,4.23,,-,,,,,,39
7/22/2003,,,D,,DCS-31,,,7/22/2003,0:00:00,9/8/2003,0:00:00,,,5.33,-,27.93295,96.8076,5.33,,-,,,,,,87
7/23/2003,,,F,,DCS3900,,,7/23/2003,0:00:00,2/24/2004,3:30:00,,,3.83,-,28.836,94.2355,3.83,,-,,,,,,120
7/23/2003,,,R,,DCS3900,,,7/23/2003,5:30:00,9/9/2003,17:00:00,,,3.43,-,29.64728,93.63947,3.43,,-,,,,,,215
9/8/2003,,,W,,DCS3900R,,,9/8/2003,0:00:00,10/27/2003,23:30:00,,,3.37,Wireless_communication_of_data,28.3539,96,3.37,,Wireless_communication_of_data,,,,,,260
9/8/2003,,,D,,DCS-278,,,9/8/2003,0:00:00,3/19/2004,0:30:00,,,5.33,-,27.93295,96.8076,5.33,,-,,,,,,88
9/9/2003,,,R,,DCS3900,,,9/9/2003,19:30:00,2/24/2004,19:30:00,,,3.43,-,29.64728,93.63947,3.43,,-,,,,,,216
9/9/2003,002-08-04-03,94,J,System 2,DCS/223,Globalstar,R/V Gyre,9/9/2003,,3/19/2004,,R/V Gyre,192,,,,,,,,,,,,,
9/9/2003,017-2003-09-09,273,K,System 17,DCS/44,Globalstar,R/V Gyre,9/9/2003,,3/19/2004,,R/V Gyre,192,,,,,,,,,,,,,
9/10/2003,,,K,,B-1509,,,9/10/2003,0:00:00,3/19/2004,12:30:00,,,5.38,-,26.21667,96.49917,5.38,,-,,,,,,170
9/10/2003,,,J,,DCS3900,,,9/10/2003,5:00:00,3/19/2004,0:00:00,,,5.48,-,26.18833,97.05067,5.48,,-,,,,,,151
10/27/2003,40014-10-16-03,24,W,40014,DCS/42,Motorola,R/V Gyre,10/27/2003,,7/8/2004,,R/V Longhorn,255,,,,,,,,,,,,,
10/28/2003,,,W,,DCS3900R,,,10/28/2003,0:00:00,2/22/2004,19:00:00,,,3.37,Wireless_communication_of_data,28.3539,96,3.37,,Wireless_communication_of_data,,,,,,261
2/22/2004,,,W,,DCS3900R,,,2/22/2004,19:00:00,9/29/2004,12:00:00,,,3.37,Wireless_communication_of_data,28.3539,96,3.37,,Wireless_communication_of_data,,,,,,262
2/22/2004,01-2004-02-22,193,B,System 1,DCS/352,Globalstar,R/V Gyre,2/22/2004,,7/21/2004,,R/V Gyre,150,,,,,,,,,,,,,
2/23/2004,,,N,,DCS094,,,2/23/2004,15:30:00,7/22/2004,0:00:00,,,3.98,-,27.8892,94.03667,3.98,,-,,,,,,190
2/24/2004,0111-01-15-04,10,R,111,DCS/289,Motorola,R/V Gyre,2/24/2004,,3/21/2004,,R/V Gyre,26,,,,,,,,,,,,,
2/24/2004,,,F,,DCS3900,,,2/24/2004,9:30:00,3/21/2004,2:00:00,,,3.83,-,28.836,94.2355,3.83,,-,,,,,,121
2/25/2004,,,B,,DCS352,,,2/25/2004,2:30:00,7/21/2004,9:30:00,,,4.23,-,28.98283,94.9162,4.23,,-,,,,,,40
2/25/2004,,,R,,DCS3900,,,2/25/2004,5:00:00,3/21/2004,3:30:00,,,3.43,-,29.64728,93.63947,3.43,,-,,,,,,217
3/18/2004,50040-03-15-04,49,D,50040,DCS/178,Globalstar,R/V Gyre,3/18/2004,,9/28/2004,,R/V Longhorn,194,,,,,,,,,,,,,
3/19/2004,,,D,,DCS-278,,,3/19/2004,5:30:00,9/29/2004,7:00:00,,,5.33,-,27.93295,96.8076,5.33,,-,,,,,,89
3/20/2004,,,K,,B-1509,,,3/20/2004,0:00:00,5/14/2004,9:30:00,,,5.38,-,26.21667,96.49917,5.38,,-,,,,,,171
3/21/2004,,,F,,DCS3900,,,3/21/2004,5:30:00,7/21/2004,15:30:00,,,3.83,-,28.836,94.2355,3.83,,-,,,,,,122
3/21/2004,,,R,,DCS3900,,,3/21/2004,12:30:00,7/22/2004,18:00:00,,,3.43,-,29.64728,93.63947,3.43,,-,,,,,,218
7/7/2004,,,J,,DCS3900,,,7/7/2004,22:00:00,7/24/2004,17:30:00,,,5.48,-,26.18833,97.05067,5.48,,-,,,,,,152
7/21/2004,,,F,,DCS3900,,,7/21/2004,16:00:00,2/8/2005,0:00:00,,,3.83,-,28.836,94.2355,3.83,,-,,,,,,123
7/22/2004,,,N,,DCS094,,,7/22/2004,4:30:00,4/23/2005,0:00:00,,,3.98,-,27.8892,94.03667,3.98,,-,,,,,,191
7/22/2004,,,R,,DCS3900,,,7/22/2004,19:00:00,2/10/2005,0:00:00,,,3.43,-,29.64728,93.63947,3.43,,-,,,,,,219
7/23/2004,,,B,,DCS352,,,7/23/2004,7:30:00,1/10/2005,0:00:00,,,4.23,-,28.98283,94.9162,4.23,,-,,,,,,41
8/18/2004,,,K,,B-1509,,,8/18/2004,0:00:00,5/17/2005,6:00:00,,,5.38,-,26.21667,96.49917,5.38,,-,,,,,,172
8/19/2004,,,V,,DCS70,,,8/19/2004,15:30:00,2/9/2005,0:00:00,,,4.75,-,27.8958,93.6125,4.75,,-,,,,,,247
8/18/2004,,,J,,DCS3900,,,8/18/2004,12:30:00,5/17/2005,10:00:00,,,5.48,-,26.18833,97.05067,5.48,,-,,,,,,153
9/29/2004,,,D,,DCS-278,,,9/29/2004,7:30:00,5/18/2005,0:00:00,,,5.33,-,27.93295,96.8076,5.33,,-,,,,,,90
9/29/2004,,,W,,DCS3900R,,,9/29/2004,12:30:00,5/18/2005,0:00:00,,,3.37,Wireless_communication_of_data,28.3539,96,3.37,,Wireless_communication_of_data,,,,,,263
10/21/2004,40016-09-24-04,42,W,40016,DCS/280,Globalstar,R/V Longhorn,10/21/2004,,5/18/2005,,R/V Gyre,209,,,,,,,,,,,,,
10/22/2004,50040-10-08-04,51,D,50040,DCS/362,Globalstar,R/V Longhorn,10/22/2004,,5/18/2005,,R/V Gyre,208,,,,,,,,,,,,,
1/10/2005,,,B,,DCS352,,,1/10/2005,0:30:00,2/8/2005,0:00:00,,,4.23,-,28.98283,94.9162,4.23,,-,,,,,,42
2/8/2005,,,B,,DCS352,,,2/8/2005,0:30:00,3/19/2005,0:00:00,,,4.23,-,28.98283,94.9162,4.23,,-,,,,,,43
2/8/2005,,,F,,DCS3900,,,2/8/2005,0:30:00,2/21/2006,18:30:00,,,3.83,-,28.836,94.2355,3.83,,-,,,,,,124
2/9/2005,10-2005-02-09,285,N,System 10,DCS/350,Globalstar,R/V Gyre,2/9/2005,,5/23/2005,,R/V Gyre,103,,,,,,,,,,,,,
2/9/2005,,,V,,DCS70,,,2/9/2005,0:30:00,9/25/2005,0:00:00,,,4.75,-,27.8958,93.6125,4.75,,-,,,,,,248
2/10/2005,,,R,,DCS3900,,,2/10/2005,0:00:00,7/11/2005,9:00:00,,,3.43,-,29.64728,93.63947,3.43,,-,,,,,,220
4/23/2005,,,N,,DCS094,,,4/23/2005,0:30:00,9/25/2005,0:00:00,,,3.98,-,27.8892,94.03667,3.98,,-,,,,,,192
4/30/2005,,,B,,DCS352,,,4/30/2005,0:30:00,10/10/2005,0:00:00,,,4.23,-,28.98283,94.9162,4.23,,-,,,,,,44
5/14/2005,,,K,,B-1509,,,5/14/2005,6:30:00,9/25/2005,0:00:00,,,5.38,-,26.21667,96.49917,5.38,,-,,,,,,173
5/17/2005,001-05-10-05,92,K,System 1,DCS/352,Globalstar,R/V Gyre,5/17/2005,,9/24/2005,,missing,130,,,,,,,,,,,,,
5/17/2005,,,J,,DCS3900,,,5/17/2005,10:30:00,8/12/2005,15:00:00,,,5.48,-,26.18833,97.05067,5.48,,-,,,,,,154
5/18/2005,,,D,,DCS-278,,,5/18/2005,6:30:00,10/9/2005,0:00:00,,,5.33,-,27.93295,96.8076,5.33,,-,,,,,,91
5/18/2005,,,W,,DCS3900R,,,5/18/2005,0:30:00,8/14/2005,0:00:00,,,3.37,Wireless_communication_of_data,28.3539,96,3.37,,Wireless_communication_of_data,,,,,,264
7/11/2005,,,R,,DCS3900,,,7/11/2005,9:30:00,8/24/2005,0:00:00,,,3.43,-,29.64728,93.63947,3.43,,-,,,,,,221
8/12/2005,,,J,,DCS3900,,,8/12/2005,17:30:00,10/9/2005,0:00:00,,,5.48,-,26.18833,97.05067,5.48,,-,,,,,,155
8/13/2005,50040-2005-08-13,322,W,50040,DCS/506,Globalstar,R/V Longhorn,8/13/2005,,8/27/2005,,R/V Gyre,14,,,,,,,,,,,,,
8/14/2005,,,W,,DCS3900R,,,8/14/2005,0:30:00,2/3/2006,13:30:00,,,3.37,Wireless_communication_of_data,28.3539,96,3.37,,Wireless_communication_of_data,,,,,,265
8/24/2005,,,R,,DCS3900,,,8/24/2005,0:30:00,10/9/2005,0:00:00,,,3.43,-,29.64728,93.63947,3.43,,-,,,,,,222
8/27/2005,,,H,,-,,,8/27/2005,18:00:00,10/14/2005,10:30:00,,,5.55,-,27.8734,96.5561,5.55,,-,,,,,,140
9/17/2005,50039-09-12-05,60,W,50039,DCS/280,Globalstar,R/V Longhorn,9/17/2005,,2/3/2006,,R/V Gyre,139,,,,,,,,,,,,,
10/11/2005,,,V,,DCS70,,,10/11/2005,0:00:00,3/4/2006,22:30:00,,,4.75,-,27.8958,93.6125,4.75,,-,,,,,,249
10/11/2005,,,B,,DCS352,,,10/11/2005,0:00:00,6/15/2006,19:00:00,,,4.23,-,28.98283,94.9162,4.23,,-,,,,,,45
10/11/2005,,,N,,DCS094,,,10/11/2005,0:30:00,3/3/2006,22:00:00,,,3.98,-,27.8892,94.03667,3.98,,-,,,,,,193
10/11/2005,,,R,,DCS3900,,,10/11/2005,0:00:00,6/16/2006,7:00:00,,,3.43,-,29.64728,93.63947,3.43,,-,,,,,,223
10/13/2005,,,D,,DCS-278,,,10/13/2005,0:30:00,6/15/2006,0:30:00,,,5.33,-,27.93295,96.8076,5.33,,-,,,,,,92
12/7/2005,,,A2,,DCS4100,,,12/7/2005,7:00:00,3/5/2006,23:30:00,,,3,Rebel_barge_oil_spill,29.20212,93.49963,3,,Rebel_barge_oil_spill,,,,,,8
2/3/2006,,,W,,DCS3900R,,,2/3/2006,14:00:00,4/11/2006,17:30:00,,,3.37,Went_adrift_on_04/09/2006.,28.3539,96,3.37,,Went_adrift_on_04/09/2006.,,,,,,266
2/4/2006,,,K,,B-1509,,,2/4/2006,20:00:00,9/14/2006,16:30:00,,,5.38,-,26.21667,96.49917,5.38,,-,,,,,,174
2/4/2006,40016-12-01-05,43,J,40016,DCS/69,Globalstar,R/V Gyre,2/4/2006,,9/14/2006,,R/V Longhorn,222,,,,,,,,,,,,,
2/5/2006,,,J,,DCS3900,,,2/5/2006,1:00:00,9/14/2006,3:30:00,,,5.48,-,26.18833,97.05067,5.48,,-,,,,,,156
2/6/2006,002-11-15-05,98,K,System 2,DCS/355,Globalstar,R/V Gyre,2/6/2006,,9/14/2006,,R/V Longhorn,220,,,,,,,,,,,,,
2/21/2006,,,F,,DCS3900,,,2/21/2006,18:30:00,8/25/2006,12:30:00,,,3.83,-,28.836,94.2355,3.83,,-,,,,,,125
2/21/2006,50039-02-08-06,61,R,50039,DCS/280,Globalstar,R/V Gyre,2/21/2006,,6/16/2006,,R/V Longhorn,115,,,,,,,,,,,,,
3/4/2006,,,N,,DCS094,,,3/4/2006,20:00:00,8/24/2006,18:00:00,,,3.98,-,27.8892,94.03667,3.98,,-,,,,,,194
3/6/2006,,,V,,DCS70,,,3/6/2006,4:00:00,8/25/2006,0:00:00,,,4.75,-,27.8958,93.6125,4.75,,-,,,,,,250
4/11/2006,,,W,,DCS3900R,,,4/11/2006,22:30:00,8/25/2006,10:30:00,,,3.37,,28.3539,96,3.37,,,,,,,,267
6/15/2006,,,D,,DCS-278,,,6/15/2006,2:30:00,3/7/2007,18:00:00,,,5.33,-,27.93295,96.8076,5.33,,-,,,,,,93
6/15/2006,,,B,,DCS352,,,6/15/2006,20:00:00,7/7/2006,22:30:00,,,4.23,-,28.98283,94.9162,4.23,,-,,,,,,46
6/16/2006,,,R,,DCS3900,,,6/16/2006,7:30:00,10/3/2006,4:00:00,,,3.43,-,29.64728,93.63947,3.43,,-,,,,,,224
7/8/2006,,,B,,DCS352,,,7/8/2006,0:00:00,2/10/2007,23:30:00,,,4.23,-,28.98283,94.9162,4.23,,-,,,,,,47
8/24/2006,,,H,,-,,,8/24/2006,0:30:00,12/31/2007,0:00:00,,,5.55,-,27.8734,96.5561,5.55,,-,,,,,,141
8/25/2006,,,N,,DCS094,,,8/25/2006,0:00:00,2/11/2007,8:00:00,,,3.98,-,27.8892,94.03667,3.98,,-,,,,,,195
8/25/2006,,,V,,DCS70,,,8/25/2006,5:30:00,9/29/2006,13:30:00,,,4.75,-,27.8958,93.6125,4.75,,-,,,,,,251
8/25/2006,,,F,,DCS3900,,,8/25/2006,14:00:00,2/11/2007,20:00:00,,,3.83,-,28.836,94.2355,3.83,,-,,,,,,126
8/26/2006,,,W,,DCS3900R,,,8/26/2006,3:30:00,3/9/2007,0:00:00,,,3.37,,28.3539,96,3.37,,,,,,,,268
9/14/2006,,,J,,DCS3900,,,9/14/2006,14:30:00,3/8/2007,20:00:00,,,5.48,-,26.18833,97.05067,5.48,,-,,,,,,157
9/15/2006,,,K,,B-1509,,,9/15/2006,0:00:00,3/9/2007,4:00:00,,,5.38,-,26.21667,96.49917,5.38,,-,,,,,,175
2/12/2007,,,V,,DCS70,,,2/12/2007,1:00:00,11/13/2007,22:00:00,,,4.75,-,27.8958,93.6125,4.75,,-,,,,,,252
2/12/2007,,,F,,DCS3900,,,2/12/2007,5:00:00,3/10/2007,1:30:00,,,3.83,-,28.836,94.2355,3.83,,-,,,,,,127
2/12/2007,,,B,,DCS352,,,2/12/2007,10:00:00,11/15/2007,0:30:00,,,4.23,-,28.98283,94.9162,4.23,,-,,,,,,48
2/12/2007,,,R,,DCS3900,,,2/12/2007,21:30:00,11/14/2007,4:00:00,,,3.43,-,29.64728,93.63947,3.43,,-,,,,,,225
3/8/2007,,,N,,DCS094,,,3/8/2007,10:00:00,11/13/2007,15:00:00,,,3.98,-,27.8892,94.03667,3.98,,-,,,,,,196
3/8/2007,80085-2007-03-08,225,D,80085,DCS/362,Globalstar,R/V Ferrel,3/8/2007,,12/6/2007,,R/V Brooks McCall,273,,,,,,,,,,,,,
3/8/2007,,,J,,DCS3900,,,3/8/2007,20:30:00,5/3/2007,0:00:00,,,5.48,Beach_recovery,26.18833,97.05067,5.48,,Beach_recovery,,,,,,158
3/9/2007,50039-02-22-07,63,J,50039,DCS/126,Globalstar,R/V Ferrel,3/9/2007,,5/3/2007,,Truck,55,,,,,,,,,,,,,
3/9/2007,,,W,,DCS3900R,,,3/9/2007,0:30:00,12/5/2007,3:30:00,,,3.37,,28.3539,96,3.37,,,,,,,,269
3/9/2007,,,K,,B-1509,,,3/9/2007,4:30:00,12/5/2007,22:30:00,,,5.38,-,26.21667,96.49917,5.38,,-,,,,,,176
3/10/2007,,,F,,DCS3900,,,3/10/2007,2:00:00,11/14/2007,20:00:00,,,3.83,-,28.836,94.2355,3.83,,-,,,,,,128
3/11/2007,,,D,,DCS-278,,,3/11/2007,3:00:00,12/6/2007,22:00:00,,,5.33,Current_data_highly_suspect_from_October_on_due_to,27.93295,96.8076,5.33,,Current_data_highly_suspect_from_October_on_due_to,,,,,,94
5/18/2007,,,42035,,DACT,,,5/18/2007,18:00:00,12/31/2008,0:00:00,,,3.37,-,28.3539,96,3.37,,-,,,,,,278
11/12/2007,225M02-11-01-07,157,N,225m02,DCS138,Globalstar,R/V Brooks McCall,11/12/2007,,9/27/2008,,R/V Ferrel,320,,,,,,,,,,,,,
11/14/2007,,,N,,DCS094,,,11/14/2007,0:00:00,9/27/2008,11:00:00,,,3.98,-,27.8892,94.03667,3.98,,-,,,,,,197
11/12/2007,225M03-11-01-07,156,V,225m03,DCS/137,Globalstar,R/V Brooks McCall,11/12/2007,,2/10/2008,,R/V Brooks McCall,90,,,,,,,,,,,,,
11/14/2007,,,V,,DCS70,,,11/14/2007,1:00:00,2/10/2008,14:30:00,,,4.75,-,27.8958,93.6125,4.75,,-,,,,,,253
11/13/2007,0110-04-18-07,20,R,110,DCS/63,Globalstar,R/V Brooks McCall,11/13/2007,,10/8/2008,,R/V Brooks McCall,330,,,,,,,,,,,,,
11/14/2007,,,R,,DCS3900,,,11/14/2007,4:30:00,9/24/2008,23:30:00,,,3.43,-,29.64728,93.63947,3.43,,-,,,,,,226
11/14/2007,,,F,,DCS3900,,,11/14/2007,20:30:00,9/26/2008,3:00:00,,,3.83,-,28.836,94.2355,3.83,,-,,,,,,129
11/15/2007,,,B,,DCS352,,,11/15/2007,1:00:00,7/6/2008,0:00:00,,,4.23,-,28.98283,94.9162,4.23,,-,,,,,,49
12/5/2007,,,W,,DCS3900R,,,12/5/2007,4:00:00,12/7/2007,18:30:00,,,3.37,,28.3539,96,3.37,,,,,,,,270
12/6/2007,,,K,,DCS3900,,,12/6/2007,0:00:00,6/23/2008,0:00:00,,,5.38,Went_adrift_on.,26.21667,96.49917,5.38,,Went_adrift_on.,,,,,,177
12/6/2007,,,J,,DCS3900,,,12/6/2007,3:30:00,7/7/2008,0:00:00,,,5.48,-,26.18833,97.05067,5.48,,-,,,,,,159
12/7/2007,,,D,,DCS-278,,,12/7/2007,4:30:00,7/8/2008,13:00:00,,,5.33,-,27.93295,96.8076,5.33,,-,,,,,,95
12/7/2007,,,W,,DCS3900R,,,12/7/2007,15:30:00,1/1/2008,3:30:00,,,3.37,Went_adrift_on_01/01/2008.,28.3539,96,3.37,,Went_adrift_on_01/01/2008.,,,,,,271
7/6/2008,,,B,,DCS352,,,7/6/2008,3:00:00,9/24/2008,15:00:00,,,4.23,-,28.98283,94.9162,4.23,,-,,,,,,50
7/6/2008,,,V,,DCS70,,,7/6/2008,17:00:00,9/27/2008,15:30:00,,,4.75,-,27.8958,93.6125,4.75,,-,,,,,,254
7/7/2008,,,J,,DCS3900,,,7/7/2008,18:30:00,10/10/2008,11:00:00,,,5.48,-,26.18833,97.05067,5.48,,-,,,,,,160
7/7/2008,,,K,,DCS3900,,,7/7/2008,23:00:00,10/10/2008,17:00:00,,,5.38,-,26.21667,96.49917,5.38,,-,,,,,,178
7/8/2008,,,D,,DCS-278,,,7/8/2008,13:30:00,10/9/2008,18:30:00,,,5.33,-,27.93295,96.8076,5.33,,-,,,,,,96
7/10/2008,,,W,,DCS3900R,,,7/10/2008,0:30:00,10/5/2008,18:00:00,,,3.37,Went_adrift_on_?._Recovered_on_Matagorda_Island,28.3539,96,3.37,,Went_adrift_on_?._Recovered_on_Matagorda_Island,,,,,,272
9/25/2008,,,R,,DCS3900,,,9/25/2008,6:30:00,6/19/2009,4:30:00,,,3.43,-,29.64728,93.63947,3.43,,-,,,,,,227
9/25/2008,,,B,,DCS352,,,9/25/2008,16:30:00,6/19/2009,0:00:00,,,4.23,-,28.98283,94.9162,4.23,,-,,,,,,51
9/26/2008,,,F,,DCS3900,,,9/26/2008,15:00:00,5/26/2009,0:00:00,,,3.83,Adrift_from_3/14/08_to_5/26/08,28.836,94.2355,3.83,,Adrift_from_3/14/08_to_5/26/08,,,,,,130
9/27/2008,005-09-09-08,113,V,System 5,DCS4100R/68,Globalstar,R/V Ferrel,9/27/2008,,3/4/2009,,R/V Brooks McCall,158,,,,,,,,,,,,,
9/27/2008,010-12-14-07,135,N,System 10,DCS/508,Globalstar,R/V Ferrel,9/27/2008,,8/12/2009,,R/V Ferrel,319,,,,,,,,,,,,,
9/28/2008,50040-07-15-08,54,F,50040,DCS4100R/64,Globalstar,R/V Ferrel,9/28/2008,,5/26/2009,,Truck,240,,,,,,,,,,,,,
9/28/2008,,,N,,DCS094,,,9/28/2008,0:00:00,8/12/2009,15:00:00,,,3.98,-,27.8892,94.03667,3.98,,-,,,,,,198
9/28/2008,,,V,,DCS70,,,9/28/2008,12:30:00,3/4/2009,12:00:00,,,4.75,Went_adrift_on_02/18/2009.,27.8958,93.6125,4.75,,Went_adrift_on_02/18/2009.,,,,,,255
10/9/2008,,,W,,DCS3900R,,,10/9/2008,14:30:00,11/20/2008,5:30:00,,,3.37,Went_adrift_on_?._Recovered_on_San_Jose_Island,28.3539,96,3.37,,Went_adrift_on_?._Recovered_on_San_Jose_Island,,,,,,273
10/9/2008,,,D,,DCS-278,,,10/9/2008,19:30:00,1/2/2009,0:00:00,,,5.33,-,27.93295,96.8076,5.33,,-,,,,,,97
10/10/2008,,,J,,DCS3900,,,10/10/2008,13:00:00,1/24/2009,4:30:00,,,5.48,-,26.18833,97.05067,5.48,,-,,,,,,161
10/10/2008,,,K,,DCS3900,,,10/10/2008,19:00:00,3/24/2010,17:30:00,,,5.38,-,26.21667,96.49917,5.38,,-,,,,,,179
1/23/2009,,,W,,DCS3900R,,,1/23/2009,6:00:00,8/14/2009,19:30:00,,,3.37,-,28.3539,96,3.37,,-,,,,,,274
1/23/2009,,,D,,DCS-278,,,1/23/2009,13:30:00,8/14/2009,12:00:00,,,5.33,-,27.93295,96.8076,5.33,,-,,,,,,98
1/24/2009,,,J,,DCS3900,,,1/24/2009,5:00:00,8/13/2009,20:30:00,,,5.48,-,26.18833,97.05067,5.48,,-,,,,,,162
6/19/2009,,,F,,DCS3900,,,6/19/2009,3:00:00,11/19/2009,2:00:00,,,3.83,-,28.836,94.2355,3.83,,-,,,,,,131
6/19/2009,,,B,,DCS352,,,6/19/2009,9:30:00,11/18/2009,21:00:00,,,4.23,-,28.98283,94.9162,4.23,,-,,,,,,52
6/19/2009,,,R,,DCS3900,,,6/19/2009,19:30:00,11/18/2009,4:00:00,,,3.43,-,29.64728,93.63947,3.43,,-,,,,,,228
8/12/2009,,,V,,DCS70,,,8/12/2009,12:30:00,12/31/2010,0:00:00,,,4.75,-,27.8958,93.6125,4.75,,-,,,,,,256
8/12/2009,,,N,,DCS094,,,8/12/2009,18:30:00,2/18/2010,15:30:00,,,3.98,-,27.8892,94.03667,3.98,,-,,,,,,199
8/13/2009,,,J,,DCS3900,,,8/13/2009,21:00:00,11/20/2009,15:00:00,,,5.48,-,26.18833,97.05067,5.48,,-,,,,,,163
8/14/2009,,,D,,DCS-278,,,8/14/2009,12:30:00,3/25/2010,1:00:00,,,5.33,-,27.93295,96.8076,5.33,,-,,,,,,99
8/14/2009,,,W,,DCS3900R,,,8/14/2009,20:00:00,3/24/2010,22:30:00,,,3.37,-,28.3539,96,3.37,,-,,,,,,275
11/18/2009,,,R,,DCS3900,,,11/18/2009,11:30:00,11/21/2009,16:00:00,,,3.43,-,29.64728,93.63947,3.43,,-,,,,,,229
11/18/2009,,,B,,DCS352,,,11/18/2009,22:00:00,1/5/2010,9:30:00,,,4.23,-,28.98283,94.9162,4.23,,-,,,,,,53
11/19/2009,,,F,,DCS3900,,,11/19/2009,3:30:00,12/31/2010,0:00:00,,,3.83,-,28.836,94.2355,3.83,,-,,,,,,132
11/20/2009,,,J,,DCS3900,,,11/20/2009,16:00:00,3/25/2010,6:30:00,,,5.48,-,26.18833,97.05067,5.48,,-,,,,,,164
11/21/2009,,,R,,DCS3900,,,11/21/2009,23:59:59,12/31/2010,0:00:00,,,3.43,-,29.64728,93.63947,3.43,,-,,,,,,230
12/18/2009,80086-2009-12-18,299,R,80086,DCS/66,Globalstar,R/V Ferrel,12/18/2009,,8/20/2010,,DSV Gulf Freedom,245,,,,,,,,,,,,,
1/5/2010,,,B,,DCS352,,,1/5/2010,10:00:00,2/19/2010,0:00:00,,,4.23,-,28.98283,94.9162,4.23,,-,,,,,,54
2/18/2010,,,N,,DCS094,,,2/18/2010,16:00:00,12/31/2010,0:00:00,,,3.98,-,27.8892,94.03667,3.98,,-,,,,,,200
2/19/2010,,,B,,DCS352,,,2/19/2010,2:30:00,12/31/2010,0:00:00,,,4.23,-,28.98283,94.9162,4.23,,-,,,,,,55
3/25/2010,,,K,,DCS3900,,,3/25/2010,1:30:00,12/31/2010,0:00:00,,,5.38,-,26.21667,96.49917,5.38,,-,,,,,,180
3/25/2010,,,D,,DCS-278,,,3/25/2010,5:00:00,4/12/2010,12:00:00,,,5.33,-,27.93295,96.8076,5.33,,-,,,,,,100
3/25/2010,,,J,,DCS3900,,,3/25/2010,7:00:00,12/31/2010,0:00:00,,,5.48,-,26.18833,97.05067,5.48,,-,,,,,,165
3/27/2010,,,W,,DCS3900R,,,3/27/2010,2:30:00,12/31/2010,0:00:00,,,3.37,-,28.3539,96,3.37,,-,,,,,,276
8/18/2010,,,R,,DCS3900,,,8/18/2010,23:59:59,12/31/2010,0:00:00,,,3.43,-,29.64728,93.63947,3.43,,-,,,,,,231
8/19/2010,,,N,,DCS094,,,8/19/2010,12:00:00,0000-00-00 00:00:00,0000-00-00 00:00:00,,,3.98,-,27.8892,94.03667,3.98,,-,,,,,,201
8/20/2010,008-05-06-10,125,B,System 8,DCS/209,Globalstar,DSV Gulf Freedom,8/20/2010,,1/21/2011,,R/V Brooks McCall,154,,,,,,,,,,,,,
8/20/2010,50040-04-07-10,56,F,50040,DCS4100R/65,Globalstar,DSV Gulf Freedom,8/20/2010,,5/7/2011,,R/V Ferrel,260,,,,,,,,,,,,,
8/20/2010,03-2010-08-20,316,V,225m03,DCS/137,Globalstar,DSV Gulf Freedom,8/20/2010,,5/6/2011,,R/V Ferrel,259,,,,,,,,,,,,,
10/14/2010,018-06-02-10,148,J,System 18,DCS/69,Globalstar,DSV Gulf Freedom,10/14/2010,,1/20/2011,,R/V Brooks McCall,98,,,,,,,,,,,,,
10/14/2010,,,K,,DCS3900,,,10/14/2010,23:59:59,4/20/2012,17:30:00,,,5.38,not immediately redeployed,26.21667,96.49917,5.38,,not immediately redeployed,,,,,,181
10/15/2010,0110-08-03-10,22,W,110,DCS/63,Globalstar,DSV Gulf Freedom,10/15/2010,,5/9/2011,,R/V Ferrel,206,,,,,,,,,,,,,
10/15/2010,80085-08-27-10,87,D,80085,DCS/233,Globalstar,DSV Gulf Freedom,10/15/2010,,5/7/2011,,R/V Ferrel,204,,,,,,,,,,,,,
10/20/2010,,,V,,DCS70,,,10/20/2010,23:23:59,4/19/2012,21:10:00,,,4.75,no sessions,27.8958,93.6125,4.75,,no sessions,,,,,,257
10/28/2010,,,D,,DCS-278,,,10/28/2010,5:00:00,4/12/2010,12:00:00,,,5.33,deploy_time_guess,27.93295,96.8076,5.33,,deploy_time_guess,,,,,,101
1/20/2011,019-10-27-10,150,J,System 19,DCS/374,Globalstar,R/V Brooks McCall,1/20/2011,,,,,,,,,,,,,,,,,,
1/21/2011,020-11-10-10,152,B,System 20,DCS/382,Globalstar,R/V Brooks McCall,1/21/2011,,,,,,,,,,,,,,,,,,
5/6/2011,012-11-24-10,137,V,System 12,DCS/114,Globalstar,R/V Ferrel,5/6/2011,,,,,,,,,,,,,,,,,,
5/7/2011,109-2011-05-07,227,D,109,DCS/525,Globalstar,R/V Ferrel,5/7/2011,,,,,,,,,,,,,,,,,,
5/7/2011,80085-2011-05-07,242,F,80085,DCS/233,Globalstar,R/V Ferrel,5/7/2011,,,,,,,,,,,,,,,,,,
5/7/2011,50039-2011-05-07,320,W,50039,DCS/126,Globalstar,R/V Ferrel,5/7/2011,,,,,,,,,,,,,,,,,,
5/9/2011,,,R,,DCS3900,,,5/9/2011,23:59:59,12/31/2010,0:00:00,,,3.43,-,29.64728,93.63947,3.43,,-,,,,,,232
8/26/2011,,,B,,DCS352,,,8/26/2011,2:30:00,2/23/2012,17:00:00,,,4.23,no incident,28.98283,94.9162,4.23,,no incident,,,,,,56
8/27/2011,,,J,,DCS3900,,,8/27/2011,23:59:59,4/21/2012,3:10:00,,,5.48,-,26.18833,97.05067,5.48,,-,,,,,,166
10/26/2011,,,V,,DCS70,,,10/26/2011,23:23:59,2/29/2012,2:30:00,,,4.75,2/29/2012 2:30,27.8958,93.6125,4.75,,2/29/2012 2:30,,,,,,258
10/27/2011,,,F,,DCS3900,,,10/27/2011,23:59:59,12/20/2011,7:40:00,,,3.83,recovered adrift,28.836,94.2355,3.83,,recovered adrift,,,,,,133
10/28/2011,,,D,,U,,,10/28/2011,13:00:00,12/20/2011,12:00:00,,,0,recovered adrift buoy,0,0,0,,recovered adrift buoy,,,,,,281
10/28/2011,,,W,,DCS3900R,,,10/28/2011,23:59:59,2/25/2012,5:15:00,,,3.37,28.3539,28.3539,96,3.37,,28.3539,,,,,,277
10/29/2011,,,R,,DCS3900,,,10/29/2011,16:30:00,4/23/2012,6:10:00,,,3.43,-,29.64728,93.63947,3.43,,-,,,,,,233
12/20/2011,,,D,,U,,,12/20/2011,12:20:00,0000-00-00 00:00:00,0000-00-00 00:00:00,,,0,new buoy,0,0,0,,new buoy,,,,,,280
12/20/2011,,,D,,\N,,,12/20/2011,12:20:00,0000-00-00 00:00:00,0000-00-00 00:00:00,,,\N,redeployed adrift buoy,\N,\N,\N,,redeployed adrift buoy,,,,,,295
12/21/2011,,,D,,DCS-278,,,12/21/2011,5:00:00,12/20/2011,12:00:00,,,5.33,27.93295,27.93295,96.8076,5.33,,27.93295,,,,,,102
12/21/2011,,,F,,DCS3900,,,12/21/2011,5:15:00,2/23/2012,7:15:00,,,2.83,28.863,28.863,94.2355,2.83,,28.863,,,,,,279
2/22/2012,,,V,,\N,,,2/22/2012,2:32:00,4/19/2012,21:10:00,,,\N,deployed a TABS II,\N,\N,\N,,deployed a TABS II,,,,,,288
2/22/2012,,,R003,,U,,,2/22/2012,10:40:00,2/26/2012,18:45:00,,,0,Test,0,0,0,,Test,,,,,,291
2/23/2012,,,F,,U,,,2/23/2012,14:00:00,0000-00-00 00:00:00,0000-00-00 00:00:00,,,0,,0,0,0,,,,,,,,289
2/23/2012,,,B,,U,,,2/23/2012,19:30:00,0000-00-00 00:00:00,0000-00-00 00:00:00,,,0,,0,0,0,,,,,,,,290
2/25/2012,,,W,,\N,,,2/25/2012,6:24:00,4/22/2012,11:30:00,,,\N,high winds,\N,\N,\N,,high winds,,,,,,294
4/19/2012,,,V,,\N,,,4/19/2012,21:30:00,0000-00-00 00:00:00,0000-00-00 00:00:00,,,\N,,\N,\N,\N,,,,,,,,300
4/21/2012,,,J,,\N,,,4/21/2012,4:00:00,0000-00-00 00:00:00,0000-00-00 00:00:00,,,\N,,\N,\N,\N,,,,,,,,297
4/22/2012,,,W,,\N,,,4/22/2012,12:35:00,0000-00-00 00:00:00,0000-00-00 00:00:00,,,\N,,\N,\N,\N,,,,,,,,298
4/23/2012,,,R,,\N,,,4/23/2012,6:35:00,0000-00-00 00:00:00,0000-00-00 00:00:00,,,\N,,\N,\N,\N,,,,,,,,301
0000-00-00 00:00:00,,,K,,\N,,,0000-00-00 00:00:00,0000-00-00 00:00:00,4/20/2012,22:30:00,,,\N,,\N,\N,\N,,,,,,,,302
Deployment date,,,,,Sensor,,,Deployment date,Deployment time,Recovery date,Recovery time,,,inclination,Comments,lat,lon,inclination,,Comments,,,,,,
